﻿<?xml version="1.0" encoding="UTF-8"?>
<scraperfunctions>
	<GetIMDBGenresById dest="5">
		<RegExp input="$$1" output="&lt;details&gt;&lt;url cache=&quot;$$1-main.html&quot; function=&quot;ParseIMDBGenres&quot;&gt;http://akas.imdb.com/title/$$1/|accept-language=en-us&lt;/url&gt;&lt;/details&gt;" dest="5">
			<expression noclean="1" />
		</RegExp>
	</GetIMDBGenresById>
	<ParseIMDBGenres dest="5">
		<RegExp input="$$2" output="&lt;details&gt;\1&lt;/details&gt;" dest="5">
			<RegExp input="$$1" output="&lt;genre&gt;\1&lt;/genre&gt;" dest="2">
				<expression repeat="yes">tt_stry_gnr&quot;\s>\s([^&lt;]+)</expression>
			</RegExp>
			<expression noclean="1" />
		</RegExp>
	</ParseIMDBGenres>

	<GetIMDBRatingById dest="5">
		<RegExp input="$$1" output="&lt;details&gt;&lt;url cache=&quot;$$1-main.html&quot; function=&quot;ParseIMDBRating&quot;&gt;http://akas.imdb.com/title/$$1/|accept-language=en-us&lt;/url&gt;&lt;/details&gt;" dest="5">
			<expression noclean="1" />
		</RegExp>
	</GetIMDBRatingById>
	<ParseIMDBRating dest="5">
		<RegExp input="$$2" output="&lt;details&gt;\1&lt;/details&gt;" dest="5">
			<RegExp input="$$1" output="&lt;rating&gt;\1&lt;/rating&gt;&lt;votes&gt;\2&lt;/votes&gt;" dest="2">
				<expression>&lt;span\sitemprop=&quot;ratingValue&quot;&gt;([0-9.]+).*?ratingCount&quot;&gt;([0-9,]+)&lt;</expression>
			</RegExp>
			<expression noclean="1" />
		</RegExp>
	</ParseIMDBRating>

	<GetIMDBTOP250ById dest="5">
		<RegExp input="$$1" output="&lt;details&gt;&lt;url cache=&quot;$$1-main.html&quot; function=&quot;ParseIMDBTOP250&quot;&gt;http://akas.imdb.com/title/$$1/|accept-language=en-us&lt;/url&gt;&lt;/details&gt;" dest="5">
			<expression noclean="1" />
		</RegExp>
	</GetIMDBTOP250ById>
	<ParseIMDBTOP250 dest="5">
		<RegExp input="$$2" output="&lt;details&gt;\1&lt;/details&gt;" dest="5">
			<RegExp input="$$1" output="&lt;top250&gt;\1&lt;/top250&gt;" dest="2">
				<expression>Top\sRated\sMovies\s#([0-9]*)</expression>
			</RegExp>
			<expression noclean="1" />
		</RegExp>
	</ParseIMDBTOP250>

	<GetIMDBStudioById dest="5">
		<RegExp input="$$1" output="&lt;details&gt;&lt;url cache=&quot;$$1-main.html&quot; function=&quot;ParseIMDBStudio&quot;&gt;http://akas.imdb.com/title/$$1/|accept-language=en-us&lt;/url&gt;&lt;/details&gt;" dest="5">
			<expression noclean="1" />
		</RegExp>
	</GetIMDBStudioById>
	<ParseIMDBStudio dest="5">
		<RegExp input="$$2" output="&lt;details&gt;\1&lt;/details&gt;" dest="5">
			<RegExp input="$$1" output="&lt;studio&gt;\1&lt;/studio&gt;" dest="2">
				<expression>&quot;/company/[^&gt;]+&gt;[^&lt;]*&lt;[^&gt;]*&gt;([^&lt;]+)&lt;/span&gt;</expression>
			</RegExp>
			<expression noclean="1" />
		</RegExp>
	</ParseIMDBStudio>

	<GetIMDBCountryById dest="5">
		<RegExp input="$$1" output="&lt;details&gt;&lt;url cache=&quot;$$1-main.html&quot; function=&quot;ParseIMDBCountry&quot;&gt;http://akas.imdb.com/title/$$1/|accept-language=en-us&lt;/url&gt;&lt;/details&gt;" dest="5">
			<expression noclean="1" />
		</RegExp>
	</GetIMDBCountryById>
	<ParseIMDBCountry dest="5">
		<RegExp input="$$2" output="&lt;details&gt;\1&lt;/details&gt;" dest="5">
			<RegExp input="$$1" output="&lt;country&gt;\1&lt;/country&gt;" dest="2">
				<expression repeat="yes">&quot;/country/[^&gt;]+&gt;([^&lt;]+)&lt;/a&gt;</expression>
			</RegExp>
			<expression noclean="1" />
		</RegExp>
	</ParseIMDBCountry>

	<GetMetaCriticRatingById dest="5">
		<RegExp input="$$1" output="&lt;details&gt;&lt;url cache=&quot;$$1-main.html&quot; function=&quot;ParseMetaCriticRating&quot;&gt;http://akas.imdb.com/title/$$1/|accept-language=en-us&lt;/url&gt;&lt;/details&gt;" dest="5">
			<expression noclean="1" />
		</RegExp>
	</GetMetaCriticRatingById>
	<ParseMetaCriticRating dest="5">
		<RegExp input="$$2" output="&lt;details&gt;\1&lt;/details&gt;" dest="5">
			<RegExp input="$$1" output="&lt;rating&gt;\1.\2&lt;/rating&gt;" dest="2">
				<expression>&lt;a\shref=&quot;criticreviews[^&quot;]*?&quot;\stitle[^&gt;]*?&gt;\s(\d*)(\d)/</expression>
			</RegExp>
			<expression noclean="1" />
		</RegExp>
	</ParseMetaCriticRating>

	<GetIMDBPlotById dest="5">
		<RegExp input="$$1" output="&lt;details&gt;&lt;url cache=&quot;$$1-main.html&quot; function=&quot;ParseIMDBPlot&quot;&gt;http://akas.imdb.com/title/$$1/|accept-language=en-us&lt;/url&gt;&lt;/details&gt;" dest="5">
			<expression noclean="1" />
		</RegExp>
	</GetIMDBPlotById>
	<ParseIMDBPlot dest="5">
		<RegExp input="$$2" output="&lt;details&gt;\1&lt;/details&gt;" dest="5">
			<RegExp input="$$1" output="&lt;plot&gt;\1&lt;/plot&gt;" dest="2">
				<expression fixchars="1" trim="1">&lt;h2&gt;Storyline&lt;/h2&gt;\s+&lt;div\sclass=&quot;inline\scanwrap&quot;\sitemprop=&quot;description&quot;&gt;\s+&lt;p&gt;(.*?)&lt;[^a/]</expression>
			</RegExp>
			<expression noclean="1" />
		</RegExp>
	</ParseIMDBPlot>

	<GetIMDBTaglineById dest="5">
		<RegExp input="$$1" output="&lt;details&gt;&lt;url cache=&quot;$$1-main.html&quot; function=&quot;ParseIMDBTagline&quot;&gt;http://akas.imdb.com/title/$$1/|accept-language=en-us&lt;/url&gt;&lt;/details&gt;" dest="5">
			<expression noclean="1" />
		</RegExp>
	</GetIMDBTaglineById>
	<ParseIMDBTagline dest="5">
		<RegExp input="$$2" output="&lt;details&gt;\1&lt;/details&gt;" dest="5">
			<RegExp input="$$1" output="&lt;tagline&gt;\1&lt;/tagline&gt;" dest="2">
				<expression fixchars="1" trim="1">&lt;h4[^&gt;]*?&gt;Taglines:&lt;/h4&gt;\n?([^&lt;]*)</expression>
			</RegExp>
			<expression noclean="1" />
		</RegExp>
	</ParseIMDBTagline>

	<GetIMDBOutlineById dest="5">
		<RegExp input="$$1" output="&lt;details&gt;&lt;url cache=&quot;$$1-main.html&quot; function=&quot;ParseIMDBOutline&quot;&gt;http://akas.imdb.com/title/$$1/|accept-language=en-us&lt;/url&gt;&lt;/details&gt;" dest="5">
			<expression noclean="1" />
		</RegExp>
	</GetIMDBOutlineById>
	<ParseIMDBOutline dest="5">
		<RegExp input="$$2" output="&lt;details&gt;\1&lt;/details&gt;" dest="5">
			<RegExp input="$$1" output="&lt;outline&gt;\1&lt;/outline&gt;" dest="2">
				<expression fixchars="1" trim="1">itemprop=&quot;description&quot;&gt;([^&lt;]+)&lt;</expression>
			</RegExp>
			<expression noclean="1" />
		</RegExp>
	</ParseIMDBOutline>

	<GetIMDBOutlineToPlotById dest="5">
		<RegExp input="$$1" output="&lt;details&gt;&lt;url cache=&quot;$$1-main.html&quot; function=&quot;ParseIMDBOutlineToPlot&quot;&gt;http://akas.imdb.com/title/$$1/|accept-language=en-us&lt;/url&gt;&lt;/details&gt;" dest="5">
			<expression noclean="1" />
		</RegExp>
	</GetIMDBOutlineToPlotById>
	<ParseIMDBOutlineToPlot dest="5">
		<RegExp input="$$2" output="&lt;details&gt;\1&lt;/details&gt;" dest="5">
			<RegExp input="$$1" output="&lt;plot&gt;\1&lt;/plot&gt;" dest="2">
				<expression fixchars="1" trim="1">itemprop=&quot;description&quot;&gt;([^&lt;]+)&lt;</expression>
			</RegExp>
			<expression noclean="1" />
		</RegExp>
	</ParseIMDBOutlineToPlot>

	<GetIMDBCastById dest="5">
		<RegExp input="$$1" output="&lt;details&gt;&lt;url cache=&quot;$$1-main.html&quot; function=&quot;ParseIMDBCast&quot;&gt;http://akas.imdb.com/title/$$1/|accept-language=en-us&lt;/url&gt;&lt;/details&gt;" dest="5">
			<expression noclean="1" />
		</RegExp>
	</GetIMDBCastById>
	<ParseIMDBCast dest="5">
		<RegExp input="$$2" output="&lt;details&gt;\1&lt;/details&gt;" dest="5">
			<RegExp input="$$1" output="\1" dest="6">
				<expression noclean="1">&lt;table\sclass=&quot;cast_list&quot;&gt;(.*?)&lt;/table&gt;</expression>
			</RegExp>
			<RegExp input="$$6" output="&lt;actor&gt;&lt;thumb&gt;\2\3SX1024_SY1024_.jpg&lt;/thumb&gt;&lt;name&gt;\1&lt;/name&gt;&lt;role&gt;\5&lt;/role&gt;&lt;/actor&gt;" dest="7">
				<expression repeat="yes" clear="yes" trim="3,4" noclean="1,2">&lt;img[^a]*alt=&quot;([^&quot;]*)&quot;[^&quot;]*&quot;[^&quot;]*&quot;[^s]*src=&quot;(?:[^&quot;]*\.[^&quot;]*&quot;class=&quot;loadlate\shidden\s&quot;\sloadlate=&quot;([^&quot;]*)(_V._))[^&gt;]*.*?ter&quot;&gt;[^&gt;]*&gt;\n\s*(&lt;[^&gt;]*&gt;)?([^&lt;\(]*)?</expression>
			</RegExp>
			<RegExp input="$$6" output="&lt;actor&gt;&lt;thumb&gt;&lt;/thumb&gt;&lt;name&gt;\1&lt;/name&gt;&lt;role&gt;\3&lt;/role&gt;&lt;/actor&gt;" dest="7+">
				<expression repeat="yes" trim="1,2,3" fixchars="3" noclean="1,2">&lt;img[^a]*alt=&quot;([^&quot;]*)&quot;[^&quot;]*&quot;[^&quot;]*&quot;[^s]*src=&quot;(?:[^&quot;]*\.[^&quot;]*\.png)&quot;\sclass=&quot;.*?&quot;\s/&gt;*.*?ter&quot;&gt;[^&gt;]*&gt;\n\s*(&lt;[^&gt;]*&gt;)?([^&lt;\(]*)?</expression>
			</RegExp>
			<RegExp input="$$7" output="&lt;actor&gt;&lt;thumb&gt;\1&lt;/thumb&gt;\2&lt;/actor&gt;" dest="2+">
				<expression repeat="yes" clear="yes" noclean="1,2,3">&lt;actor&gt;&lt;thumb&gt;(?:(http.*?)|_SX[0-9]+_SY[0-9]+_)?&lt;/thumb&gt;(.*?)&lt;/actor&gt;</expression>
			</RegExp>
			<expression noclean="1" />
		</RegExp>
	</ParseIMDBCast>

	<GetIMDBDirectorsById dest="5">
		<RegExp input="$$1" output="&lt;details&gt;&lt;url cache=&quot;$$1-main.html&quot; function=&quot;ParseIMDBDirectors&quot;&gt;http://akas.imdb.com/title/$$1/|accept-language=en-us&lt;/url&gt;&lt;/details&gt;" dest="5">
			<expression noclean="1" />
		</RegExp>
	</GetIMDBDirectorsById>
	<ParseIMDBDirectors dest="5">
		<RegExp input="$$2" output="&lt;details&gt;\1&lt;/details&gt;" dest="5">
			<RegExp input="$$1" output="\1" dest="6">
				<expression clear="yes" noclean="1">Director(?:s)?:.*?&lt;/h4&gt;(.*?)&lt;div class</expression>
			</RegExp>
			<RegExp input="$$6" output="&lt;director&gt;\1&lt;/director&gt;" dest="2">
				<expression repeat="yes" fixchars="1" clear="yes">href=&quot;/name[^&gt;]*&gt;[^&lt;]*&lt;[^&gt;]*&gt;([^&lt;]*)&lt;</expression>
			</RegExp>
			<expression noclean="1" />
		</RegExp>
	</ParseIMDBDirectors>

	<GetIMDBWritersById dest="5">
		<RegExp input="$$1" output="&lt;details&gt;&lt;url cache=&quot;$$1-main.html&quot; function=&quot;ParseIMDBWriters&quot;&gt;http://akas.imdb.com/title/$$1/|accept-language=en-us&lt;/url&gt;&lt;/details&gt;" dest="5">
			<expression noclean="1" />
		</RegExp>
	</GetIMDBWritersById>
	<ParseIMDBWriters dest="5">
		<RegExp input="$$2" output="&lt;details&gt;\1&lt;/details&gt;" dest="5">
			<RegExp input="$$1" output="\1" dest="6">
				<expression clear="yes" noclean="1">Writer(?:s)?:.*?&lt;/h4&gt;(.*?)&lt;div class</expression>
			</RegExp>
			<RegExp input="$$6" output="&lt;credits&gt;\1&lt;/credits&gt;" dest="2">
				<expression repeat="yes" fixchars="1" clear="yes">href=&quot;/name[^&gt;]*&gt;[^&lt;]*&lt;[^&gt;]*&gt;([^&lt;]*)&lt;</expression>
			</RegExp>
			<expression noclean="1" />
		</RegExp>
	</ParseIMDBWriters>

	<GetIMDBFullCastById dest="5">
		<RegExp input="$$1" output="&lt;details&gt;&lt;url cache=&quot;$$1-combined.html&quot; function=&quot;ParseIMDBFullCast&quot;&gt;http://akas.imdb.com/title/$$1/combined|accept-language=en-us&lt;/url&gt;&lt;/details&gt;" dest="5">
			<expression noclean="1" />
		</RegExp>
	</GetIMDBFullCastById>
	<ParseIMDBFullCast dest="5">
		<RegExp input="$$2" output="&lt;details&gt;\1&lt;/details&gt;" dest="5">
			<RegExp input="$$1" output="\1" dest="6">
				<expression noclean="1">&lt;table class=&quot;cast&quot;&gt;(.*?)&lt;/table&gt;</expression>
			</RegExp>
			<RegExp input="$$6" output="&lt;actor&gt;&lt;thumb&gt;\1_SX1024_SY1024_\2&lt;/thumb&gt;&lt;name&gt;\3&lt;/name&gt;&lt;role&gt;\5&lt;/role&gt;&lt;/actor&gt;" dest="7">
				<expression repeat="yes" clear="yes" fixchars="3,5" trim="3,5" noclean="1,2">&lt;img src="(?:([^&quot;]*\.)[^&quot;]*(\.jpg))?[^&gt;]*[^&quot;]*&quot;nm&quot;&gt;&lt;a href=&quot;[^&quot;]*[^&gt;]*&gt;([^&lt;]*)&lt;[^&quot;]*&quot;ddd&quot;&gt;([^&lt;]&lt;)?[^&quot;]*&quot;char&quot;&gt;(.*?)&lt;/td&gt;</expression>
			</RegExp>
			<RegExp input="$$7" output="&lt;actor&gt;&lt;thumb&gt;\1&lt;/thumb&gt;\2&lt;/actor&gt;" dest="2+">
				<expression repeat="yes" clear="yes" noclean="1,2,3">&lt;actor&gt;&lt;thumb&gt;(?:(http.*?)|_SX[0-9]+_SY[0-9]+_)&lt;/thumb&gt;(.*?)&lt;/actor&gt;</expression>
			</RegExp>
			<expression noclean="1" />
		</RegExp>
	</ParseIMDBFullCast>

	<GetIMDBFullDirectorsById dest="5">
		<RegExp input="$$1" output="&lt;details&gt;&lt;url cache=&quot;$$1-combined.html&quot; function=&quot;ParseIMDBFullDirectors&quot;&gt;http://akas.imdb.com/title/$$1/combined|accept-language=en-us&lt;/url&gt;&lt;/details&gt;" dest="5">
			<expression noclean="1" />
		</RegExp>
	</GetIMDBFullDirectorsById>
	<ParseIMDBFullDirectors dest="5">
		<RegExp input="$$2" output="&lt;details&gt;\1&lt;/details&gt;" dest="5">
			<RegExp input="$$1" output="\1" dest="6">
				<expression clear="yes" noclean="1">Director(?:s)?:.*?&lt;/h5&gt;[^&gt;]*&gt;(.*?)&lt;/div</expression>
			</RegExp>
			<RegExp input="$$6" output="&lt;director&gt;\1&lt;/director&gt;" dest="2">
				<expression repeat="yes" fixchars="1">&lt;a href=&quot;/name/[^&gt;]*&gt;([^&lt;]*)&lt;</expression>
			</RegExp>
			<expression noclean="1" />
		</RegExp>
	</ParseIMDBFullDirectors>

	<GetIMDBFullWritersById dest="5">
		<RegExp input="$$1" output="&lt;details&gt;&lt;url cache=&quot;$$1-combined.html&quot; function=&quot;ParseIMDBFullWriters&quot;&gt;http://akas.imdb.com/title/$$1/combined|accept-language=en-us&lt;/url&gt;&lt;/details&gt;" dest="5">
			<expression noclean="1" />
		</RegExp>
	</GetIMDBFullWritersById>
	<ParseIMDBFullWriters dest="5">
		<RegExp input="$$2" output="&lt;details&gt;\1&lt;/details&gt;" dest="5">
			<RegExp input="$$1" output="\1" dest="6">
				<expression noclean="1">Writing\scredits(.*?)name="</expression>
			</RegExp>
			<RegExp input="$$6" output="&lt;credits&gt;\1&lt;/credits&gt;" dest="2">
				<expression repeat="yes" fixchars="1">&lt;a href=&quot;/name/[^&gt;]*&gt;([^&lt;]*)&lt;</expression>
			</RegExp>
			<expression noclean="1" />
		</RegExp>
	</ParseIMDBFullWriters>

	<GetIMDBThumbsById dest="5">
		<RegExp input="$$1" output="&lt;details&gt;&lt;url cache=&quot;$$1-posters.html&quot; function=&quot;ParseIMDBThumbs&quot;&gt;http://akas.imdb.com/title/$$1/posters|accept-language=en-us&lt;/url&gt;&lt;/details&gt;" dest="5">
			<expression noclean="1" />
		</RegExp>
	</GetIMDBThumbsById>
	<ParseIMDBThumbs dest="5">
		<RegExp input="$$6" output="&lt;details&gt;\1&lt;/details&gt;" dest="5">
			<RegExp input="$$1" output="\1_SX1024_SY1024_\2" dest="4">
				<expression noclean="1,2">&lt;a\sname=&quot;poster&quot;.*?src=&quot;(.*?)_S.*?(.jpg)&quot;.*?&lt;/a&gt;</expression>
			</RegExp>
			<RegExp input="$$4" output="&lt;thumb aspect=&quot;poster&quot;&gt;\1&lt;/thumb&gt;" dest="6">
				<expression noclean="1">(.*?_SX[0-9]+_SY[0-9]+_.jpg)</expression>
			</RegExp>
			<expression noclean="1" />
		</RegExp>
	</ParseIMDBThumbs>

	<GetIMDBUSACert dest="5">
		<RegExp input="$$1" output="&lt;details&gt;&lt;url cache=&quot;$$1-combined.html&quot; function=&quot;ParseIMDBUSACert&quot;&gt;http://akas.imdb.com/title/$$1/combined|accept-language=en-us&lt;/url&gt;&lt;/details&gt;" dest="5">
			<expression noclean="1" />
		</RegExp>
	</GetIMDBUSACert>
	<ParseIMDBUSACert dest="5">
		<RegExp input="$$1" output="&lt;details&gt;&lt;mpaa&gt;$INFO[certprefix]\1&lt;/mpaa&gt;&lt;/details&gt;" dest="5">
			<expression>MPAA&lt;/a&gt;:&lt;/h5&gt;&lt;div\sclass=&quot;info-content&quot;&gt;Rated\s([^&lt;]*)</expression>
		</RegExp>
	</ParseIMDBUSACert>

	<GetIMDBCountryCert dest="5">
		<RegExp input="$$1" output="&lt;details&gt;&lt;url cache=&quot;$$1-combined.html&quot; function=&quot;ParseIMDBCountryCert&quot;&gt;http://akas.imdb.com/title/$$1/combined|accept-language=en-us&lt;/url&gt;&lt;/details&gt;" dest="5">
			<expression noclean="1" />
		</RegExp>
	</GetIMDBCountryCert>
	<ParseIMDBCountryCert dest="5">
		<RegExp input="$$1" output="&lt;details&gt;&lt;mpaa&gt;$INFO[certprefix]\1&lt;/mpaa&gt;&lt;/details&gt;" dest="5">
			<expression>&gt;\s*$INFO[imdbcertcountry]:([^&lt;]+)&lt;/a&gt;</expression>
		</RegExp>
	</ParseIMDBCountryCert>

	<GetIMDBAKATitlesById dest="5">
		<RegExp input="$$1" output="&lt;details&gt;&lt;url cache=&quot;$$1-combined.html&quot; function=&quot;ParseIMDBAKATitles&quot;&gt;http://akas.imdb.com/title/$$1/combined|accept-language=en-us&lt;/url&gt;&lt;/details&gt;" dest="5">
			<expression noclean="1" />
		</RegExp>
	</GetIMDBAKATitlesById>
	<ParseIMDBAKATitles dest="5">
		<RegExp input="$$2" output="&lt;details&gt;&lt;title&gt;\1&lt;/title&gt;&lt;/details&gt;" dest="5">
			<RegExp input="$$1" output="\1" dest="2">
				<expression fixchars="1">&lt;h1&gt;([^&lt;]*)</expression>
			</RegExp>
			<RegExp input="$$10" output="\1" dest="4">
				<RegExp input="$$1" output="\2" dest="9">
					<expression fixchars="2">&lt;meta\sname=&quot;title&quot;\scontent=&quot;(IMDb\s-\s)?(?:&amp;#x22;)?([^&quot;]*?)(?:&amp;#x22;)? \([^\(]*?([0-9]{4})(?:–\s)?\)</expression>
				</RegExp>
				<RegExp input="$$9" output="\1" dest="10">
					<expression />
				</RegExp>
				<RegExp input="$$1" output="\1" dest="11">
					<expression fixchars="1" clear="yes">&gt;\s*?&quot;([^&lt;]+)&quot;[^&lt;]+[&lt;em&gt;]?[^&quot;]+Hong Kong\s[&lt;em&gt;][^&quot;]+English</expression>
				</RegExp>
				<RegExp input="$$11" output="\1" dest="10">
					<expression>(.+)</expression>
				</RegExp>
				<RegExp input="$$1" output="\1" dest="11">
					<expression fixchars="1" clear="yes">&gt;\s*?&quot;([^&lt;]+)&quot;[^&lt;]+[&lt;em&gt;]?[^&quot;]+((Canada)\s(&lt;em&gt;)?\((English|imdb))</expression>
				</RegExp>
				<RegExp input="$$11" output="\1" dest="10">
					<expression>(.+)</expression>
				</RegExp>
				<RegExp input="$$1" output="\1" dest="11">
					<expression fixchars="1" clear="yes">&gt;\s*?&quot;([^&lt;]+)&quot;[^&lt;]+[&lt;em&gt;]?[^&quot;]+(UK(&lt;em&gt;)?&lt;br&gt;)</expression>
				</RegExp>
				<RegExp input="$$11" output="\1" dest="10">
					<expression>(.+)</expression>
				</RegExp>
				<RegExp input="$$1" output="\1" dest="11">
					<expression fixchars="1" clear="yes">&gt;\s*?&quot;([^&lt;]+)&quot;[^&quot;]+International\s(&lt;em&gt;)?\(English\stitle\)(&lt;/em&gt;)?(,|&lt;)( |b)</expression>
				</RegExp>
				<RegExp input="$$11" output="\1" dest="10">
					<expression>(.+)</expression>
				</RegExp>
				<RegExp input="$$1" output="\1" dest="11">
					<expression fixchars="1" clear="yes">&gt;\s*?&quot;([^&lt;]+)&quot;[^&quot;]+International\s(&lt;em&gt;)?\(English\stitle\)(&lt;/em&gt;)? (&lt;em&gt;)?\(imdb</expression>
				</RegExp>
				<RegExp input="$$11" output="\1" dest="10">
					<expression>(.+)</expression>
				</RegExp>
				<RegExp input="$$1" output="\1" dest="12">
					<expression fixchars="1" clear="yes">&lt;a\shref=&quot;/country/[^&gt;]+&gt;(UK&lt;/a&gt;&lt;/div&gt;)</expression>
				</RegExp>
				<RegExp input="$$12" output="$$9" dest="10">
					<expression>(.+)</expression>
				</RegExp>
				<RegExp input="$$1" output="\1" dest="12">
					<expression clear="yes">&lt;a\shref=&quot;/country/[^&gt;]+&gt;(USA&lt;/a&gt;&lt;/div&gt;)</expression>
				</RegExp>
				<RegExp input="$$12" output="$$9" dest="10">
					<expression>(.+)</expression>
				</RegExp>
				<RegExp input="$$1" output="\1" dest="11">
					<expression fixchars="1" clear="yes">&gt;\s*?&quot;([^&lt;]+)&quot;[^&lt;]+[&lt;em&gt;]?[^&quot;]+(USA(&lt;em&gt;)?&lt;br&gt;)</expression>
				</RegExp>
				<RegExp input="$$11" output="\1" dest="10">
					<expression>(.+)</expression>
				</RegExp>
				<RegExp input="$$1" output="\1" dest="11">
					<expression fixchars="1" clear="yes">&gt;\s*?&quot;([^&lt;]+)&quot;[^&lt;]+[&lt;em&gt;]?[^&quot;]+((USA)\s(&lt;em&gt;)?\((English|imdb))</expression>
				</RegExp>
				<RegExp input="$$11" output="\1" dest="10">
					<expression>(.+)</expression>
				</RegExp>
				<RegExp input="$$1" output="\1" dest="11">
					<expression fixchars="1" clear="yes">&gt;\s*?&quot;([^&lt;]+)&quot;[^&lt;]+[&lt;em&gt;]?[^&quot;]+((USA)\s(&lt;em&gt;)?\((new\stitle))</expression>
				</RegExp>
				<RegExp input="$$11" output="\1" dest="10">
					<expression>(.+)</expression>
				</RegExp>
				<expression noclean="1" />
			</RegExp>
			<RegExp input="$$4" output="\1" dest="2">
				<expression>(.+)</expression>
			</RegExp>
			<RegExp input="$$1" output="\1" dest="4">
				<expression fixchars="1">&gt;\s*?&quot;([^&lt;]+)&quot;[^&lt;]+[&lt;em&gt;]?[^&quot;]+$INFO[imdbakatitles]</expression>
			</RegExp>
			<RegExp input="$$4" output="\1" dest="2">
				<expression>(.+)</expression>
			</RegExp>
			<RegExp input="$$1" output="\1" dest="4">
				<expression fixchars="1">&gt;\s*?&quot;([^&lt;]+)&quot;[^&lt;]+[&lt;em&gt;]?[^&quot;]+$INFO[imdbakatitles]\s(&lt;em&gt;)?\((imdb\sdisplay)</expression>
			</RegExp>
			<RegExp input="$$4" output="\1" dest="2">
				<expression>(.+)</expression>
			</RegExp>
			<RegExp input="$$1" output="\1" dest="5">
				<expression>&lt;a\shref=&quot;/country/[^&gt;]+&gt;($INFO[imdbakatitles])</expression>
			</RegExp>
			<RegExp input="$$5" output="$$9" dest="4">
				<expression>($INFO[imdbakatitles])</expression>
			</RegExp>
			<RegExp input="$INFO[imdbakatitles]" output="$$9" dest="4">
				<expression>Keep Original</expression>
			</RegExp>
			<RegExp input="$$4" output="\1" dest="2">
				<expression>(.+)</expression>
			</RegExp>
			<expression noclean="1" />
		</RegExp>
	</ParseIMDBAKATitles>

</scraperfunctions>
